slug,toolName
copywise,Copywise
never-ai,Never AI
imagecreator,ImageCreator
stockimg-ai,StockImg AI
syllaby,Syllaby
phrasly,Phrasly
humata-ai,Humata AI
tldv,tldv
headshot-pro,Headshot Pro
adcreative.ai,Adcreative.ai
bizway,Bizway
supermanage-ai,Supermanage AI
olympia,Olympia
wondershare-virtulook,Wondershare VirtuLook
zapt,ZAPT
eesel-ai,Eesel AI
klap,Klap
safebet,Safebet
uptrends.ai,Uptrends.ai
b12.io,B12.io
sidekick,Sidekick
magical,Magical
gizzmo-ai,Gizzmo AI
flickify,Flickify
teal-resume-builder,Teal Resume Builder
durable,Durable
superflows,Superflows
chatsimple,Chatsimple
gamma,Gamma
aidaptive,Aidaptive
monica,Monica
cody,Cody
taplio,Taplio
sellesta,Sellesta
castmagic,Castmagic
creative-reality-studio-(d-id),Creative Reality Studio (D-ID)
wonderchat.io,Wonderchat.io
nexus---clay,Nexus - Clay
reimagine-home,REimagine Home
looka,Looka
predict-ai,Predict AI
shuffll,Shuffll
lumiere-3d,Lumiere 3D
storyd,STORYD
journey.io,Journey.io
embedditor,Embedditor
assemblyai,AssemblyAI
loopin-ai,Loopin AI
brandbastion-lite,BrandBastion Lite
ingestai,IngestAI
marketingblocks-ai,MarketingBlocks AI
audioread.com,Audioread.com
cohesive,Cohesive
fineshare-finecam,FineShare FineCam
neural-newsletters,Neural Newsletters
contents,Contents
caspa-ai,Caspa AI
eightify,Eightify
vondy-ai,Vondy AI
photo-ai,Photo AI
chatfuel-ai,Chatfuel AI
keywordsearch,KeywordSearch
magicform,MagicForm
andi,Andi
chatbase,Chatbase
jasper,Jasper
gitmind-ai,GitMind AI
gptgo,GPTGO
imgcreator,Imgcreator
synthesys-studio,Synthesys Studio
luna-ai,Luna Ai
roast-dating,Roast Dating
audyo,Audyo
upword,Upword
voxwave-ai,Voxwave AI
piggy-magic,Piggy Magic
ai-studios,AI Studios
stable-diffusion,Stable Diffusion
midjourney,Midjourney
chatgpt,ChatGPT
descript,Descript
mubert,Mubert
hoppycopy,HoppyCopy
synthesia,Synthesia
rytr,Rytr
yaara,Yaara
dream-interpreter,Dream Interpreter
magic-studio,Magic Studio
morise.ai,Morise.ai
namelix,Namelix
copy.ai,Copy.ai
profile-picture-ai,Profile Picture AI
writesonic,Writesonic
easy-peasy.ai,Easy-Peasy.AI
notion-ai,Notion AI
munch,Munch
codeium,Codeium
riffusion,Riffusion
tome,Tome
papercup,Papercup
longshot,LongShot
wolframalpha,WolframAlpha
browse-ai,Browse AI
capturelab,CAPTURELAB
taskade,Taskade
moonbeam,Moonbeam
nightcafe-studio,NightCafe Studio
playground-ai,Playground AI
sheetai.app,SheetAI.app
airops,Airops
replit,Replit
realtor-blogs,Realtor Blogs
vimeo-ai,Vimeo AI
swifty,Swifty
flot-ai,Flot AI
contify-news-api,Contify News API
shop-guru-ai,Shop Guru AI
toastyai,ToastyAI
candy,Candy
stammer,Stammer
copilot2trip,Copilot2trip
straico,Straico
editapp-ai,EditApp AI
pdfpals,Pdfpals
spikes-studio,Spikes Studio
resoomer,Resoomer
promptroi,Promptroi
boostbot,Boostbot
chatbotgen,ChatbotGen
promptfolder,PromptFolder
accountabilabuddy,Accountabilabuddy
resumetrick,ResumeTrick
ai-suitup,AI SuitUp
botb9,BotB9
unriddle,Unriddle
hypergro,Hypergro
impulse-ai,Impulse AI
sibyl-ai,Sibyl AI
resume-ai-scanner,Resume AI Scanner
potato,Potato
sitespeakai,SiteSpeakAI
chapple,Chapple
affilimatic,Affilimatic
free-essay-generator,Free Essay Generator
pgrammer,Pgrammer
ai-headshot-generator,AI Headshot Generator
junggpt,JungGPT
blackhedge,BlackHedge
happychat-ai,HappyChat AI
cxcortex,CXCortex
top-vs-best,Top VS Best
coginiti,Coginiti
claude-ai,Claude AI
docus,Docus
threado,Threado
yepp-ai,Yepp AI
mnml-ai,mnml AI
workbookpdf,WorkbookPDF
virtual-staging-ai,Virtual Staging AI
yt-copycat,YT Copycat
talknotes,Talknotes
knibble,Knibble
klenty,Klenty
coinfeeds,Coinfeeds
exoname,Exoname
spindoc,SpinDoc
pixai.art,PixAI.Art
idesigns,Idesigns
beatopia,Beatopia
berriai-litellm,BerriAI-litellm
axonn,Axonn
pooks.ai,Pooks.ai
beducated,Beducated
option-alpha,Option Alpha
cm3leon-by-meta,CM3leon by Meta
scout.asserter.ai,Scout.Asserter.AI
wpturbo,WPTurbo
b2b-rocket,B2b Rocket
beebee-ai,BeeBee AI
fraimebot,FraimeBot
storyboard-hero,Storyboard Hero
rizemail,Rizemail
langdock,Langdock
lookbook-ai,LookBook AI
iapply,iApply
forms.app,Forms.app
zarla-ai,Zarla AI
coursefactory-ai,CourseFactory AI
heylibby.ai,Heylibby.ai
reliablekey,reliableKey
ai-pet-photos,AI Pet Photos
logopony,Logopony
podpilot,PodPilot
jeffrey-celavie,Jeffrey Celavie
pathfinder,Pathfinder
azameo,Azameo
tangia,Tangia
alpha3d,Alpha3D
lazy-cards,Lazy Cards
buzzr,Buzzr
aiphotoeditor,AIPhotoeditor
newsletter-pilot,Newsletter Pilot
entry-point,Entry Point
bubble,Bubble
dotbrand,dotBRAND
paintit.ai,Paintit.ai
stormi,Stormi
glass-it-price-tracker,Glass It Price Tracker
reliablegpt,ReliableGPT
greynights,Greynights
shortmake,Shortmake
reachout.ai,ReachOut.AI
airbrush-ai-headshots,AirBrush AI Headshots
we-made-a-story,We Made A Story
geldhelden.ai,Geldhelden.AI
thinkforce,Thinkforce
brightbid,Brightbid
iconlabai,IconlabAI
helper,Helper
coursebox,Coursebox
thinkdiffusion,Thinkdiffusion
sly.fish,Sly.fish
rosebud,Rosebud
ipic.ai,Ipic.ai
parseur,Parseur
mindos,MindOS
itemery,Itemery
final-touch,Final Touch
avian-chatgpt-plugin,Avian ChatGPT Plugin
wisedata,WiseData
roboreply,RoboReply
proposalgenerator,Proposalgenerator
workplaceai,WorkplaceAI
kupid-ai,Kupid AI
intellibizzai,IntellibizzAI
winchat,Winchat
coverdesignai,CoverDesignAI
informed-news,Informed News
chatterdocs,Chatterdocs
promptdrive.ai,PromptDrive.ai
woxo---idea-to-videos,WOXO - Idea to Videos
notegenie,NoteGenie
ribbo,Ribbo
horizon-ai-template,Horizon AI Template
promptinterface.ai,PromptInterface.ai
pth.ai,Pth.AI
prompt-refine,Prompt Refine
thumbly,Thumbly
magicflow,Magicflow
taiga,Taiga
trickle,Trickle
bashsenpai,BashSenpai
chatmap,ChatMap
meshy,Meshy
quick-creator,Quick Creator
jobwizard,JobWizard
pagelines,PageLines
gift-matchr,Gift Matchr
paperclips-copilot,Paperclips Copilot
flowpoint,Flowpoint
pdf-candy,PDF Candy
image-candy,Image Candy
writesparkle.ai,Writesparkle.ai
machined.ai,Machined.ai
letsview-chat,LetsView Chat
makerbox,MakerBox
ayfie,Ayfie
brandscript-generator,BrandScript Generator
tekst.ai,Tekst.ai
lovegenius,LoveGenius
orygo-ai,Orygo AI
video-candy,Video Candy
ambience,Ambience
auto-portrait,Auto Portrait
geniea,Geniea
edit-at-scale,Edit At Scale
filegpt,FileGPT
superagi,SuperAGI
rythmex,Rythmex
conceptmap,ConceptMap
prophotos,ProPhotos
gozen-content.ai,GoZen Content.Ai
wonderway-coach,Wonderway Coach
ai-transcription-by-riverside,AI Transcription by Riverside
writio,Writio
subject-line-generator,Subject Line Generator
storykube,Storykube
wallpapers.fyi,Wallpapers.fyi
talktohim,TalkToHim
fineshare-finevoice,FineShare FineVoice
dataspot,Dataspot
opera-one-browser,Opera One Browser
quantplus,QuantPlus
rasa.io,rasa.io
limecube,Limecube
seowriting-ai,SEOWriting AI
powerdmarc,PowerDMARC
deepshot-ai,Deepshot AI
insight7,Insight7
infinity-gpt,Infinity GPT
stellaris-ai,Stellaris AI
bvm,BVM
skipit.ai,Skipit.ai
giftmethat,Giftmethat
datadistillr,DataDistillr
writingmate,Writingmate
dappergpt,DapperGPT
deepfake-generator,Deepfake Generator
seaart,SeaArt
virtual-house-flip,Virtual House Flip
nabla,Nabla
tekmatix,Tekmatix
seo-content-ai,SEO Content AI
call-my-link,Call My Link
zipzap,ZipZap
paperclips,Paperclips
es.ai,ES.AI
magify.design,Magify.design
scope.money,Scope.money
trickle-ai:-prompts-warehouse,Trickle AI: Prompts Warehouse
baby-agi,Baby AGI
gymbuddy-ai,GymBuddy AI
agentgpt,AgentGPT
yobi,Yobi
auto-gpt,Auto GPT
magicchat-ai,MagicChat AI
paxton-ai,Paxton AI
tokee-ai,Tokee AI
google-bard,Google Bard
keywords-everwhere,Keywords Everwhere
zoom-iq,Zoom IQ
autoresponder.ai,AutoResponder.ai
gen-2-by-runway,Gen-2 by Runway
chatabc,ChatABC
swell-ai,Swell AI
chatgpt-sidebar,ChatGPT Sidebar
eloise,Eloise
scribbly,Scribbly
tugan.ai,Tugan.ai
creativai,CreativAI
lovo,LOVO
typingmind,TypingMind
2short.ai,2short.ai
rhetorai,RhetorAI
luminal,Luminal
pinecone,Pinecone
roamaround,Roamaround
wisdolia,Wisdolia
lucidpic,Lucidpic
typeface,Typeface
second-nature-ai,Second Nature AI
shownotes,Shownotes
synthesys-x,Synthesys X
poplarml,PoplarML
arcwise-ai,Arcwise AI
block-survey,Block Survey
imagecolorizer,Imagecolorizer
theloops,TheLoops
yuma,Yuma
datature,Datature
one-ai,One AI
thumbnailai,ThumbnailAi
where-to,Where To
pencil,Pencil
pixelicious,Pixelicious
marsai,MarsAi
safurai,Safurai
scribble-diffusion,Scribble Diffusion
gitfluence,GitFluence
cookup.ai,Cookup.ai
the-gpt-who-lived,The GPT Who Lived
mixo.io,Mixo.io
productbot,ProductBot
casper-ai,Casper AI
pplegpt,PPLEGPT
phind,Phind
uberduck,Uberduck
booom.ai,Booom.ai
drayk-it,Drayk It
gita-gpt,Gita GPT
galileo,Galileo
studiogpt-by-latent-labs,StudioGPT by Latent Labs
microsoft-bing,Microsoft Bing
venngage,Venngage
powermode-ai,PowerMode AI
techcrunch-summary,TechCrunch Summary
playarti,PlayArti
poe,Poe
wtf-does-this-company-do?,WTF Does This Company Do?
brain.fm,Brain.fm
maps-gpt,Maps GPT
deep-nostalgia,Deep Nostalgia
yoodli-ai,Yoodli AI
pebblely,Pebblely
cron-ai,Cron AI
facial-assessment-tool,Facial Assessment Tool
automata,Automata
namy-ai,Namy ai
gymgenie,GymGenie
cleanup.pictures,Cleanup.pictures
journeai,Journeai
article-fiesta,Article Fiesta
gooey.ai,Gooey.AI
magic-type-ai,Magic Type AI
ai-reality,AI Reality
vacay,Vacay
mental-models-ai,Mental Models AI
meetgeek,MeetGeek
watchnow-ai,WatchNow AI
soofy,Soofy
octane-ai,Octane AI
ordinary-people-prompts,Ordinary People Prompts
chefgpt,ChefGPT
gptagent,GPTAgent
laion,Laion
checkforai,CheckForAI
analogenie,Analogenie
releasenote.ai,ReleaseNote.AI
chatty-cat,Chatty Cat
oss-insight,OSS Insight
twitterbio,TwitterBio
paperbrain,PaperBrain
midjourney-prompt-helper,MidJourney Prompt Helper
fast.ai,fast.ai
vidiq,VidIq
woebot-health,Woebot Health
this-model-does-not-exist,This Model Does Not Exist
superhuman,Superhuman
ideasai,IdeasAI
autoregex,AutoRegex
seo-gpt,SEO GPT
bright-eye,Bright Eye
ai-experiments,AI Experiments
flair-ai,Flair AI
neevaai,NeevaAI
tiledesk,Tiledesk
krisp,Krisp
amazon-codewhisperer,Amazon CodeWhisperer
find-your-next-book,Find Your Next Book
socratic-by-google,Socratic by Google
namecheap-logo-maker,Namecheap Logo Maker
creaitor-ai,Creaitor AI
pixela-ai,Pixela AI
fy!-studio,Fy! Studio
spellbox,Spellbox
validator-ai,Validator AI
tabnine,Tabnine
glasp,Glasp
cowriter,Cowriter
avatar-ai,Avatar AI
boomy,Boomy
copymatic,Copymatic
cheat-layer,Cheat Layer
softr-studio,Softr Studio
movietoemoji,MovieToEmoji
perplexity-ai,Perplexity AI
suggest-gift,Suggest Gift
podcast,Podcast
copilot,Copilot
hourone,Hourone
palette.fm,Palette.fm
build-ai,Build AI
rewind-ai,Rewind AI
quillbot-paraphraser,Quillbot Paraphraser
craiyon,Craiyon
autodraw,Autodraw
ai-trip-planner,AI Trip Planner
lookup,Lookup
ai2sql,Ai2sql
copymonkey,CopyMonkey
heyday,Heyday
murf-ai,Murf AI
roboflow,Roboflow
channel,Channel
dalle-2,DallE-2
runwayml,Runwayml
echowin,echowin
excel-formula-bot,Excel Formula Bot
peppertype.ai,Peppertype.ai
interiorai,InteriorAI
pollinations,Pollinations
teachable-machine,Teachable Machine
fliki,Fliki
getimg.ai,Getimg.ai
frase,Frase
microsoft-designer,Microsoft Designer
adobe-podcast,Adobe Podcast
harmonai,Harmonai
tutorai,TutorAI
coqui,Coqui
get3d-(nvidia),GET3D (Nvidia)
endel,Endel
stable-horde,Stable Horde
uizard,Uizard
hypotenuse-ai,Hypotenuse ai
quizgecko,Quizgecko
natural-language-playlist,Natural Language Playlist
replika,Replika
ai-sofiya,Ai Sofiya
circleback.ai,Circleback.ai
eli5,ELI5
getfloorplan,GetFloorPlan
canva-text-to-image,Canva Text to Image
public-prompts,Public Prompts
grammarly,Grammarly
stunning,Stunning
lensa,Lensa
hello-history,Hello History
cool-gift-ideas,Cool Gift Ideas
finta,Finta
prodigy-ai,Prodigy AI
peech,Peech
rtutor,RTutor
ai-cli,AI CLI
civitai,Civitai
erase.bg,Erase.bg
xpression-camera,Xpression Camera
helicone,Helicone
noty.ai,Noty.ai
ebi.ai,Ebi.Ai
robin,Robin
elf-help,Elf Help
felvin,Felvin
context,Context
geniusreview,GeniusReview
repl-ai,Repl AI
promptbase,PromptBase
chatgpt-writer,ChatGPT Writer
bedtimestory-ai,BedtimeStory AI
generated-photos,Generated Photos
paperade,Paperade
instantly,Instantly
whisper-memos,Whisper Memos
quicklines,Quicklines
fireflies.ai,fireflies.ai
storiesforkids,StoriesForKids
candyicons,CandyIcons
donotpay,DoNotPay
brancher-ai,Brancher AI
detect-gpt,Detect GPT
marbleflows,MarbleFlows
penelope-ai,Penelope AI
swagai,SwagAI
unreal-meal,Unreal Meal
jenni,Jenni
albus,Albus
vidyo,Vidyo
chatgpt-chrome-extension,ChatGPT Chrome Extension
once-upon-a-bot,Once Upon A Bot
ad-auris,Ad Auris
astria,Astria
reface-ai,Reface AI
kailua-labs,Kailua Labs
anypod,AnyPod
promptist,Promptist
merlin,Merlin
whisper-ai,Whisper AI
oracle,Oracle
mentioned,Mentioned
speechify,Speechify
visualhound,VisualHound
green-screen-ai,Green Screen AI
sheetgod,SheetGod
one-more-ai,One More AI
shakespeare,Shakespeare
aiproval,AIproval
private-llm,Private LLM
tipbot-ai,Tipbot AI
heroify,Heroify
pink-ai-assistant,Pink AI Assistant
autolancer,Autolancer
oneprompt,OnePrompt
autothread-ai,AutoThread AI
tubebuddy,TubeBuddy
hustle,Hustle
clash-of-bots,Clash of Bots
interviewcoachai,InterviewCoachAI
tafi-avatar,Tafi Avatar
sis-progress,SIS Progress
talk-web,Talk Web
dreamgift,DreamGift
myst-news,Myst News
mobiheals,MobiHeals
intelliconsult,IntelliConsult
rejoy,Rejoy
jarvis-ai,Jarvis AI
salesgpt,SalesGPT
invt-ai,INVT AI
ciel-chat,Ciel Chat
prometh,Prometh
edgewriter,EdgeWriter
memedaddy,MemeDaddy
stellar,Stellar
vox-pop,Vox Pop
waspgpt,WaspGPT
screenapp,Screenapp
image-variations,Image Variations
conversease,Conversease
steve-ai,Steve AI
room-ai,Room AI
scanboy,ScanBoy
lexy,Lexy
typper,Typper
chatgpt-side-panel,ChatGPT Side Panel
gpt-tab,Gpt-tab
scriptreader,ScriptReader
waveline-extract,Waveline Extract
remo,Remo
smm-agent,SMM Agent
tutory,Tutory
talkitout,TalkItOut
formula8,Formula8
altos,Altos
klones,Klones
alpha-feed,Alpha Feed
interacly-ai,Interacly AI
sidekicai,SidekicAI
ai-chat,AI Chat
heimdall,Heimdall
random-recipe,Random Recipe
futuretales,FutureTales
marple-ai,Marple AI
skyrocat,Skyrocat
precruit,Precruit
xpath-labs,xPath Labs
magic-crystal-ball,Magic Crystal Ball
sorsor,SorSor
langley-ai,Langley AI
charmedai,CharmedAI
qr-art,QR-ART
artiphoria,Artiphoria
roq,ROQ
ask-gdpr,Ask GDPR
tripbot,Tripbot
memeswift,MemeSwift
local-ai-playground,Local AI Playground
describot,Describot
quickeee,Quickeee
reviewgpt,ReviewGPT
scenecraftr,SceneCraftr
calqworks,CalqWorks
octopulse-ai,Octopulse AI
tripguru,TripGuru
imagewise,ImageWise
restogpt,RestoGPT
devgpt,DevGPT
unthread,Unthread
kombai,Kombai
qrbtf-ai,QRBTF AI
whispertranscribe,WhisperTranscribe
struct,Struct
mindstudio,MindStudio
smart-with-points-ai,Smart With Points AI
teameet,Teameet
slumra---ai-baby-monitor,Slumra - AI Baby monitor
practice-spanish-with-sheila,Practice Spanish with Sheila
qreative-ai,Qreative AI
prem,Prem
minerva-copilot,Minerva Copilot
hotjar-ai,Hotjar AI
jagir,Jagir
beey,Beey
reacti,Reacti
podpulse,Podpulse
text-with-jesus,Text With Jesus
polaris-office-ai,Polaris Office AI
lepton,Lepton
gift-ideas-ai,Gift Ideas AI
llamaindex,LlamaIndex
object-remover,Object Remover
picker-ai---ai-photo-picker,Picker AI - AI Photo Picker
genworlds,GenWorlds
eden,Eden
granica,Granica
chapterize.ai,Chapterize.ai
beamcast,Beamcast
ai-sidekick,AI Sidekick
alphactr,AlphaCTR
caden-ai,Caden AI
qr-code-ai,QR Code AI
ai-collective,AI Collective
proddy.io,Proddy.io
vribble,Vribble
taylor-ai,Taylor AI
mano-ai,Mano AI
resumine,Resumine
ai-rap-song-generator,AI Rap Song Generator
codethreat,CodeThreat
tryvisionproai,TryVisionProAI
bloom-ai,Bloom AI
decode-investing,Decode Investing
lazyeyefix-photo-editor,Lazyeyefix Photo Editor
askgaryvee-ai,AskGaryVee AI
write-tone,Write Tone
sec-insights,SEC Insights
opencopilot,OpenCopilot
tldrai,TLDRAI
kaleido,Kaleido
quicktask-ai,QuickTask AI
dream-snap,Dream Snap
canary-mail,Canary Mail
hotcheck,Hotcheck
powerly-ai,Powerly AI
brave-leo,Brave Leo
tinyquiz,TinyQuiz
onri-ai,Onri AI
motionshift,Motionshift
smalltalk,SmallTalk
west-idol,West Idol
hoopsai,HoopsAI
gem:-tech-&-finance-news,Gem: Tech & Finance News
typee,Typee
enprompt360,Enprompt360
chat2contract,Chat2Contract
wilowrid,Wilowrid
flythroughs,Flythroughs
albertbro,AlbertBro
sentient-email,Sentient Email
productshots,ProductShots
routeperfect,Routeperfect
superluminal,Superluminal
storia-textify,Storia Textify
cockatoo,Cockatoo
promptreply,PromptReply
encouragebot,Encouragebot
askvideo-ai,AskVideo AI
robin---your-ai-sidekick,Robin - Your AI Sidekick
query-vary,Query Vary
supasql,SupaSQL
vscoped,Vscoped
dtiq,DTiQ
lang-sync,Lang SYnc
talgg,Talgg
kotlibes,Kotlibes
getbot,GetBot
easy-sell-ai,Easy Sell AI
product-buying-guides,Product Buying Guides
clariteia,Clariteia
retinello,Retinello
neurobit-zen,Neurobit Zen
docucontext,DocuContext
contractable,Contractable
recast,Recast
twoshot,TwoShot
listicle-club,Listicle Club
ai-portrait-generator,AI Portrait Generator
product-manager-os,Product Manager OS
reply-muse:-genai-for-convo,Reply Muse: GenAI for Convo
modularmind,ModularMind
freshworks,Freshworks
realtygenius,RealtyGenius
divi-form-builder,Divi Form Builder
lesseffort,Lesseffort
investor-hunter,Investor Hunter
vinetribe,Vinetribe
imagix,IMAGIX
articleai,Articleai
avath,Avath
coglayer,Coglayer
luminaries,Luminaries
emotional-support-ai,Emotional Support AI
asinstant,AsInstant
chaptersai,ChaptersAI
ramblefix,RambleFix
dream-avatar,Dream Avatar
userdesk,Userdesk
chathn,ChatHN
qrcode1s,QRCode1s
supervised-ai,Supervised AI
pocket-ai,Pocket AI
fetchy,Fetchy
stackwalls,Stackwalls
framedrop,Framedrop
gptsafe,Gptsafe
buzr-ai,Buzr AI
khrisa-a.i.,Khrisa A.I.
the-ultimate-chatgpt,The Ultimate ChatGPT
moviewiser,Moviewiser
wized.ai,Wized.AI
satoshigpt,Satoshigpt
chatmap-ai,Chatmap AI
seo-news-hub,SEO News Hub
endless-academy,Endless Academy
magicast.ai,Magicast.ai
langtale,LangTale
human-circles-ai,Human Circles AI
artemis-ai,Artemis AI
zust-qr,Zust QR
augmented-ai,Augmented AI
quantic-tarot,Quantic Tarot
snackz,Snackz
drafthorse-ai,Drafthorse AI
replygenius,ReplyGenius
any-image-to-3d,Any Image to 3D
hovercode,Hovercode
sidekik,SideKik
icebreaker,Icebreaker
katonic,Katonic
iconwizardai,IconWizardAI
tabnam,Tabnam
savey-meal-bot,Savey Meal-Bot
tldr-ai-summarizer,Tldr AI Summarizer
arrtificial,Arrtificial
imyfone,IMyFone
zing-coach,Zing Coach
sirius,Sirius
twoslash,TwoSlash
taxly,Taxly
web2chat,Web2Chat
vocabuddy,VocaBuddy
vasnhack,VasnHack
coursegen,CourseGen
artificial-pulse,Artificial Pulse
chord-variations,Chord Variations
unity,Unity
inca.fm,Inca.fm
ai-judge,AI Judge
furl,Furl
techbot,TechBot
plugin-suggester,Plugin Suggester
realismgpt,RealismGPT
langmob,LangMob
homehelper,HomeHelper
chatgpt-desktop-hub,ChatGPT Desktop Hub
finito-ai,Finito AI
docer,Docer
skeptical-tom,Skeptical Tom
soap-note-ai,SOAP Note AI
twine-ambient,Twine Ambient
bullet-points,Bullet Points
chaindesk,Chaindesk
songwraiter,SongwrAiter
blogseo,Blogseo
lightrail,Lightrail
makelanding,Makelanding
notesaisync,NotesAISync
podchat,Podchat
smol-developer,Smol Developer
socialhub.ai,SocialHub.AI
kalami,Kalami
gpt-web-app-generator,GPT Web App Generator
poster-studio,Poster Studio
clevis,Clevis
photocode-ai-coding-assistant,Photocode AI coding assistant
karlo,Karlo
gnothiai,Gnothiai
sista.ai,Sista.AI
conversagent,Conversagent
greenlite,Greenlite
voice-swap,Voice Swap
formzil,Formzil
castupai,Castupai
gitlab-code-suggestions,Gitlab Code Suggestions
uing,UING
perfai,PerfAI
exprescial,Exprescial
casehopper,Casehopper
character.ai,Character.Ai
quillbot,Quillbot
hugging-face,Hugging Face
leonardo,Leonardo
veed.io,Veed.Io
uncrop-by-stability-ai,Uncrop By Stability Ai
you,You
pixlr,Pixlr
elevenlabs,Elevenlabs
cutout.pro,Cutout.Pro
clipchamp,Clipchamp
replicate,Replicate
chub.ai,Chub.Ai
pixai,Pixai
vocalremover,Vocalremover
photoroom,Photoroom
zmo.ai,Zmo.Ai
deepswap,Deepswap
lexica,Lexica
d-id,D Id
chatpdf,Chatpdf
kapwing,Kapwing
zerogpt,Zerogpt
hotpot,Hotpot
forefrontai,Forefrontai
ai-novel,Ai Novel
smodin,Smodin
theb.ai,Theb.Ai
nightcafe,Nightcafe
writer,Writer
humanta-ai,Humanta Ai
kaiber,Kaiber
gptgo.ai,Gptgo.Ai
free-profile-picture-maker,Free Profile Picture Maker
godmode,Godmode
humanornot,Humanornot
gimme-summary-ai,Gimme Summary Ai
talkie-soulful-ai,Talkie Soulful Ai
lama-cleaner,Lama Cleaner
neuronwriter,Neuronwriter
wordai,Wordai
atonce,Atonce
paragraphai,Paragraphai
elephas,Elephas
netus-ai,Netus Ai
ai-writer,Ai Writer
getgenie-ai,Getgenie Ai
go-charlie,Go Charlie
spinrewriter,Spinrewriter
closers-copy,Closers Copy
growthbar,Growthbar
digital-first-ai,Digital First Ai
unbound,Unbound
artspace,Artspace
copyspace,Copyspace
linear-ai,LINER AI
deepl,DeepL
flowgpt,FlowGPT
prompthero,PromptHero
janitorai,Janitor AI
heygen,HeyGen
invideo,invideo AI
hixai,HIX AI
